{
   "report": "analysis",
   "version": "1.2",
   "productVersion": "9.0",
   "productRelease": "18.0.0.2",
   "options": [
      "--sourceAppServer=was70",
      "--sourceJava=ibm6",
      "--targetAppServer=was90",
      "--targetJava=ibm8",
      "--targetJavaEE=ee7",
      "--targetCloud=vmIBMCloud",
      "--includePackages=com.json,com.ibm.hybrid"
   ],
   "totalRulesFlagged": 1,
   "filesAffected": 1,
   "totalResults": 1,
   "severitySummary": [
      {
         "severity": "Warning",
         "totalRulesFlagged": 1,
         "totalResults": 1
      }
   ],
   "applications": [
      "/opt/IBM/WebSphere/AppServer/sharedLibraries/commons-pool2-2.4.2.jar"
   ],
   "rules": [
      {
         "ruleName": "CDI scans for implicit beans when there is no beans.xml file",
         "ruleId": "MissingBeansFile",
         "severity": "Warning",
         "category": "Java EE 7 / CDI",
         "results": [
            {
               "fileName": "commons-pool2-2.4.2.jar",
               "details": [
                  {
                     "reference": null,
                     "match": ".*(\\.war|\\.jar)",
                     "lineNumber": 0
                  }
               ]
            }
         ]
      }
   ]
}