{"productInf":[{"name":"IBM WebSphere Application Server Network Deployment","id":"BASE","version":"8.5.5.14","buildDate":"","buildLevel":""},{"name":"Java","id":"Java","version":"ibm6","buildDate":"","buildLevel":""}],"profiles":[{"name":"AppSrv01-sharedLib","profilePath":null,"cellName":"","dmgrName":null,"nodes":null,"servers":null,"clusterNames":null,"applications":["/opt/IBM/WebSphere/AppServer/sharedLibraries/commons-pool2-2.4.2.jar","/opt/IBM/WebSphere/AppServer/sharedLibraries/jedis-2.9.0.jar","/opt/IBM/WebSphere/AppServer/sharedLibraries/javax.json-1.0.4.jar"],"appToClusterMapping":null,"isStandalone":true,"webSphereVersion":"was855","javaVersion":"ibm6","appArray":["/opt/IBM/WebSphere/AppServer/sharedLibraries/commons-pool2-2.4.2.jar","/opt/IBM/WebSphere/AppServer/sharedLibraries/jedis-2.9.0.jar","/opt/IBM/WebSphere/AppServer/sharedLibraries/javax.json-1.0.4.jar"],"archive":{"domain":"java","archiveName":"AppSrv01-sharedLib","archiveType":"sharedLibrary","dcVersion":"1.9.2","middleware":"was","host":"workstation","assessmentUnits":["sharedLib-commons-pool2-2.4.2.jar","sharedLib-jedis-2.9.0.jar","sharedLib-javax.json-1.0.4.jar"]}}]}