{
   "report": "analysis",
   "version": "1.2",
   "productVersion": "9.0",
   "productRelease": "18.0.0.2",
   "options": [
      "--sourceAppServer=was70",
      "--sourceJava=ibm6",
      "--targetAppServer=liberty",
      "--targetJava=ibm8",
      "--targetJavaEE=ee6",
      "--targetCloud=dockerIBMCloud",
      "--includePackages=com.json,com.ibm.hybrid"
   ],
   "totalRulesFlagged": 1,
   "filesAffected": 2,
   "totalResults": 2,
   "severitySummary": [
      {
         "severity": "Warning",
         "totalRulesFlagged": 1,
         "totalResults": 2
      }
   ],
   "applications": [
      "/opt/IBM/WebSphere/AppServer/sharedLibraries/javax.json-1.0.4.jar"
   ],
   "rules": [
      {
         "ruleName": "Handling application configuration in Docker containers",
         "ruleId": "DetectPropertiesFiles",
         "severity": "Warning",
         "category": "Docker (IBM Cloud Kubernetes Service)",
         "results": [
            {
               "fileName": "javax.json-1.0.4.jar/META-INF/maven/org.glassfish/javax.json/pom.properties",
               "details": [
                  {
                     "reference": null,
                     "match": "(.*)?\\.properties",
                     "lineNumber": 0
                  }
               ]
            },
            {
               "fileName": "javax.json-1.0.4.jar/org/glassfish/json/messages.properties",
               "details": [
                  {
                     "reference": null,
                     "match": "(.*)?\\.properties",
                     "lineNumber": 0
                  }
               ]
            }
         ]
      },
      {
         "ruleName": "Review use of the javax.activation.DataHandler object",
         "severity": "Warning",
         "category": "WebSphere traditional to Liberty",
         "results": [
            {
               "fileName": "AC2U_COEAdmin_int1f2.ear/COEAdmin.war/WEB-INF/lib/mail.jar/javax/mail/internet/MimeBodyPart.class",
               "details": [
                  {
                     "reference": "Method writeTo",
                     "match": "javax.activation.DataHandler.writeTo(java.io.OutputStream)",
                     "lineNumber": 1147
                  }
               ]
            },
            {
               "fileName": "AC2U_COEAdmin_int1f2.ear/COEAdmin.war/WEB-INF/lib/mail.jar/javax/mail/internet/MimeUtility.class",
               "details": [
                  {
                     "reference": "Method getEncoding",
                     "match": "javax.activation.DataHandler.writeTo(java.io.OutputStream)",
                     "lineNumber": 222
                  },
                  {
                     "reference": "Method getEncoding",
                     "match": "javax.activation.DataHandler.writeTo(java.io.OutputStream)",
                     "lineNumber": 241
                  }
               ]
            }
         ]
      }
   ]
}